wavelength,B1,B2,B3,B4,B5,B6,B7,B8
410,0.0,,,,,,,
411,0.0,,,,,,,
412,0.0,,,,,,,
413,0.0,,,,,,,
414,0.0,,,,,,,
415,0.0,,,,,,,
416,0.0,,,,,,,
417,0.0,,,,,,,
418,0.0,,,,,,,
419,0.0,,,,,,,
420,0.0,,,,,,,
421,0.0,,,,,,,
422,0.0,,,,,,,
423,0.0,,,,,,,
424,0.0,,,,,,,
425,0.0,,,,,,,
426,0.0,,,,,,,
427,0.0,,,,,,,
428,0.0,,,,,,,
429,0.0,,,,,,,
430,0.0,,,,,,,
431,0.0,,,,,,,
432,0.0,,,,,,,
433,0.0,,,,,,,
434,0.0,,,,,,,
435,0.016,,,,,,,
436,0.027,,,,,,,
437,0.048,,,,,,,
438,0.094,,,,,,,
439,0.167,,,,,,,
440,0.287,,,,,,,
441,0.459,,,,,,,
442,0.605,,,,,,,
443,0.728,,,,,,,
444,0.769,,,,,,,
445,0.792,,,,,,,
446,0.821,,,,,,,
447,0.857,,,,,,,
448,0.857,,,,,,,
449,0.862,,,,,,,
450,0.839,,,,,,,
451,0.845,,,,,,,
452,0.81,,,,,,,
453,0.802,,,,,,,
454,0.804,,,,,,,
455,0.779,,,,,,,
456,0.798,,,,,,,
457,0.816,,,,,,,
458,0.876,,,,,,,
459,0.888,,,,,,,
460,0.901,,,,,,,
461,0.918,,,,,,,
462,0.896,,,,,,,
463,0.903,,,,,,,
464,0.888,,,,,,,
465,0.89,,,,,,,
466,0.863,,,,,,,
467,0.86,,,,,,,
468,0.842,,,,,,,
469,0.866,,,,,,,
470,0.875,,,,,,,
471,0.881,,,,,,,
472,0.888,,,,,,,
473,0.898,,,,,,,
474,0.879,,,,,,,
475,0.884,,,,,,,
476,0.907,,,,,,,
477,0.928,,,,,,,
478,0.932,,,,,,,
479,0.955,,,,,,,
480,0.958,,,,,,,
481,0.948,,,,,,,
482,0.952,,,,,,,
483,0.956,,,,,,,
484,0.98,,,,,,,
485,0.98,,,,,,,
486,0.975,,,,,,,
487,0.973,,,,,,,
488,0.977,,,,,,,
489,0.958,,,,,,,
490,0.965,,,,,,,
491,0.957,,,,,,,
492,0.952,,,,,,,
493,0.973,,,,,,,
494,0.974,,,,,,,
495,0.995,,,,,,,
496,0.986,,,,,,,
497,0.986,,,,,,,
498,0.994,,,,,,,
499,1.0,,,,,,,
500,0.99,0.0006,,,,,,0.0
501,0.99,0.0009,,,,,,
502,0.976,0.001,,,,,,0.001
503,0.983,0.002,,,,,,
504,0.976,0.002,,,,,,0.008
505,0.983,0.003,,,,,,
506,0.96,0.005,,,,,,0.027
507,0.973,0.009,,,,,,
508,0.964,0.0145,,,,,,0.066
509,0.975,0.0236,,,,,,
510,0.96,0.026,,,,,,0.15
511,0.932,0.041,,,,,,
512,0.853,0.06,,,,,,0.289
513,0.684,0.088,,,,,,
514,0.486,0.126,,,,,,0.447
515,0.293,0.174,,,,,,
516,0.15,0.236,,,,,,0.556
517,0.073,0.308,,,,,,
518,0.036,0.388,,,,,,0.594
519,0.019,0.472,,,,,,
520,0.009,0.552,,,,,,0.599
521,0.0,0.621,,,,,,
522,0.0,0.676,,,,,,0.6
523,0.0,0.716,,,,,,
524,,0.743,,,,,,0.607
525,,0.759,,,,,,
526,,0.769,,,,,,0.612
527,,0.779,,,,,,
528,,0.79,,,,,,0.615
529,,0.805,,,,,,
530,,0.822,,,,,,0.61
531,,0.842,,,,,,
532,,0.861,,,,,,0.604
533,,0.878,,,,,,
534,,0.893,,,,,,0.602
535,,0.905,,,,,,
536,,0.916,,,,,,0.605
537,,0.924,,,,,,
538,,0.933,,,,,,0.614
539,,0.942,,,,,,
540,,0.947,,,,,,0.627
541,,0.951,,,,,,
542,,0.953,,,,,,0.637
543,,0.952,,,,,,
544,,0.951,,,,,,0.643
545,,0.952,,,,,,
546,,0.951,,,,,,0.646
547,,0.951,,,,,,
548,,0.952,,,,,,0.643
549,,0.952,,,,,,
550,,0.953,,,,,,0.632
551,,0.951,,,,,,
552,,0.95,,,,,,0.627
553,,0.95,,,,,,
554,,0.951,,,,,,0.623
555,,0.954,,,,,,
556,,0.96,,,,,,0.626
557,,0.966,,,,,,
558,,0.968,,,,,,0.634
559,,0.965,,,,,,
560,,0.959,,,,,,0.642
561,,0.951,,,,,,
562,,0.944,,,,,,0.655
563,,0.937,,,,,,
564,,0.932,,,,,,0.672
565,,0.933,,,,,,
566,,0.935,,,,,,0.683
567,,0.937,,,,,,
568,,0.94,,,,,,0.692
569,,0.945,,,,,,
570,,0.951,,,,,,0.697
571,,0.955,,,,,,
572,,0.957,,,,,,0.7
573,,0.956,,,,,,
574,,0.957,,,,,,0.702
575,,0.955,,,,,,
576,,0.952,,,,,,0.708
577,,0.954,,,,,,
578,,0.958,,,,,,0.712
579,,0.963,,,,,,
580,,0.973,0.0,,,,,0.713
581,,0.981,,,,,,
582,,0.988,,,,,,0.716
583,,0.995,,,,,,
584,,1.0,,,,,,0.718
585,,1.0,,,,,,
586,,0.994,,,,,,0.718
587,,0.983,,,,,,
588,,0.969,,,,,,0.71
589,,0.954,,,,,,
590,,0.942,0.0,,,,,0.707
591,,0.936,,,,,,
592,,0.932,,,,,,0.705
593,,0.928,,,,,,
594,,0.924,,,,,,0.701
595,,0.912,,,,,,
596,,0.883,,,,,,0.705
597,,0.834,,,,,,
598,,0.763,,,,,,0.718
599,,0.674,,,,,,
600,,0.574,0.0,,,,,0.73
601,,0.473,,,,,,
602,,0.38,,,,,,0.742
603,,0.3,,,,,,
604,,0.235,,,,,,0.75
605,,0.185,0.0,,,,,
606,,0.146,,,,,,0.757
607,,0.117,,,,,,
608,,0.094,,,,,,0.763
609,,0.077,,,,,,
610,,0.062,0.0,,,,,0.764
611,,0.052,0.0,,,,,
612,,0.042,0.0,,,,,0.755
613,,0.033,0.0,,,,,
614,,0.026,0.0005,,,,,0.748
615,,0.021,0.0001,,,,,
616,,0.0158,0.0,,,,,0.742
617,,0.01235,0.0005,,,,,
618,,0.0094,0.0006,,,,,0.733
619,,0.00717,0.0014,,,,,
620,,0.0048,0.002,,,,,0.729
621,,0.0037,0.003,,,,,
622,,0.0026,0.006,,,,,0.728
623,,0.0017,0.013,,,,,
624,,0.0014,0.025,,,,,0.73
625,,0.0,0.047,,,,,
626,,0.0,0.083,,,,,0.732
627,,0.0,0.137,,,,,
628,,0.0,0.211,,,,,0.733
629,,0.0,0.306,,,,,
630,,0.0,0.419,,,,,0.734
631,,,0.545,,,,,
632,,,0.674,,,,,0.742
633,,,0.788,,,,,
634,,,0.873,,,,,0.748
635,,0.0,0.921,,,,,
636,,,0.941,,,,,0.751
637,,,0.943,,,,,
638,,,0.942,,,,,0.755
639,,,0.939,,,,,
640,,0.0,0.937,,,,,0.758
641,,,0.935,,,,,
642,,,0.935,,,,,0.76
643,,,0.938,,,,,
644,,,0.943,,,,,0.767
645,,0.0,0.949,,,,,
646,,,0.953,,,,,0.769
647,,,0.961,,,,,
648,,,0.968,,,,,0.773
649,,,0.971,,,,,
650,,0.0,0.973,,,,,0.779
651,,,0.974,,,,,
652,,,0.972,,,,,0.781
653,,,0.969,,,,,
654,,,0.963,,,,,0.783
655,,,0.958,,,,,
656,,,0.956,,,,,0.787
657,,,0.955,,,,,
658,,,0.955,,,,,0.791
659,,,0.956,,,,,
660,,,0.962,,,,,0.793
661,,,0.969,,,,,
662,,,0.977,,,,,0.792
663,,,0.983,,,,,
664,,,0.988,,,,,0.791
665,,,0.993,,,,,
666,,,0.996,,,,,0.792
667,,,0.997,,,,,
668,,,0.999,,,,,0.796
669,,,1.0,,,,,
670,,,1.0,,,,,0.798
671,,,0.998,,,,,
672,,,0.996,,,,,0.801
673,,,0.995,,,,,
674,,,0.993,,,,,0.804
675,,,0.992,,,,,
676,,,0.991,,,,,0.808
677,,,0.989,,,,,
678,,,0.988,,,,,0.815
679,,,0.984,,,,,
680,,,0.977,,,,,0.82
681,,,0.97,,,,,
682,,,0.96,,,,,0.827
683,,,0.949,,,,,
684,,,0.94,,,,,0.829
685,,,0.932,,,,,
686,,,0.919,,,,,0.834
687,,,0.898,,,,,
688,,,0.863,,,,,0.838
689,,,0.809,,,,,
690,,,0.729,,,,,0.842
691,,,0.625,,,,,
692,,,0.506,,,,,0.847
693,,,0.382,,,,,
694,,,0.272,,,,,0.853
695,,,0.183,,,,,
696,,,0.12,,,,,0.856
697,,,0.079,,,,,
698,,,0.053,,,,,0.862
699,,,0.036,,,,,
700,,,0.025,,,,,0.868
701,,,0.0196,,,,,
702,,,0.0142,,,,,0.871
703,,,0.0101,,,,,
704,,,0.0075,,,,,0.876
705,,,0.0,,,,,
706,,,,,,,,0.883
708,,,,,,,,0.886
710,,,0.0,,,,,0.892
712,,,,,,,,0.894
714,,,,,,,,0.896
715,,,0.0,,,,,
716,,,,,,,,0.896
718,,,,,,,,0.894
720,,,0.0,,,,,0.894
722,,,,,,,,0.894
724,,,,,,,,0.895
725,,,0.0,,,,,
726,,,,,,,,0.896
728,,,,,,,,0.898
730,,,0.0,0.0,,,,0.9
732,,,,,,,,0.903
734,,,,,,,,0.904
735,,,,0.0,,,,
736,,,,,,,,0.903
738,,,,,,,,0.902
740,,,0.0,0.0004,,,,0.9
742,,,,,,,,0.897
744,,,,,,,,0.896
745,,,,0.0037,,,,
746,,,,,,,,0.891
748,,,,,,,,0.88
750,,,,0.001,,,,0.879
751,,,,0.0144,,,,
752,,,,0.0182,,,,0.88
753,,,,0.0216,,,,
754,,,,0.0269,,,,0.873
755,,,,0.0315,,,,
756,,,,0.0377,,,,0.873
757,,,,0.0474,,,,
758,,,,0.0562,,,,0.877
759,,,,0.0688,,,,
760,,,,0.069,,,,0.88
761,,,,0.083,,,,
762,,,,0.099,,,,0.88
763,,,,0.121,,,,
764,,,,0.146,,,,0.885
765,,,,0.175,,,,
766,,,,0.209,,,,0.888
767,,,,0.248,,,,
768,,,,0.294,,,,0.892
769,,,,0.346,,,,
770,,,,0.402,,,,0.893
771,,,,0.463,,,,
772,,,,0.523,,,,0.902
773,,,,0.588,,,,
774,,,,0.649,,,,0.908
775,,,,0.705,,,,
776,,,,0.757,,,,0.913
777,,,,0.797,,,,
778,,,,0.827,,,,0.92
779,,,,0.853,,,,
780,,,,0.871,,,,0.92
781,,,,0.884,,,,
782,,,,0.892,,,,0.918
783,,,,0.899,,,,
784,,,,0.903,,,,0.916
785,,,,0.908,,,,
786,,,,0.911,,,,0.916
787,,,,0.916,,,,
788,,,,0.92,,,,0.919
789,,,,0.925,,,,
790,,,,0.926,,,,0.918
791,,,,0.927,,,,
792,,,,0.927,,,,0.917
793,,,,0.929,,,,
794,,,,0.932,,,,0.916
795,,,,0.93,,,,
796,,,,0.926,,,,0.915
797,,,,0.926,,,,
798,,,,0.925,,,,0.918
799,,,,0.928,,,,
800,,,,0.925,,,,0.927
801,,,,0.926,,,,
802,,,,0.928,,,,0.928
803,,,,0.928,,,,
804,,,,0.928,,,,0.932
805,,,,0.923,,,,
806,,,,0.92,,,,0.943
807,,,,0.919,,,,
808,,,,0.914,,,,0.952
809,,,,0.91,,,,
810,,,,0.908,,,,0.957
811,,,,0.905,,,,
812,,,,0.903,,,,0.962
813,,,,0.904,,,,
814,,,,0.902,,,,0.969
815,,,,0.909,,,,
816,,,,0.917,,,,0.97
817,,,,0.92,,,,
818,,,,0.928,,,,0.972
819,,,,0.938,,,,
820,,,,0.946,,,,0.977
821,,,,0.953,,,,
822,,,,0.962,,,,0.979
823,,,,0.969,,,,
824,,,,0.971,,,,0.981
825,,,,0.971,,,,
826,,,,0.97,,,,0.987
827,,,,0.969,,,,
828,,,,0.969,,,,0.992
829,,,,0.97,,,,
830,,,,0.967,,,,0.997
831,,,,0.969,,,,
832,,,,0.968,,,,0.998
833,,,,0.963,,,,
834,,,,0.965,,,,1.0
835,,,,0.967,,,,
836,,,,0.965,,,,0.996
837,,,,0.963,,,,
838,,,,0.958,,,,0.995
839,,,,0.95,,,,
840,,,,0.949,,,,0.994
841,,,,0.943,,,,
842,,,,0.933,,,,0.992
843,,,,0.929,,,,
844,,,,0.928,,,,0.992
845,,,,0.925,,,,
846,,,,0.924,,,,0.994
847,,,,0.927,,,,
848,,,,0.932,,,,0.992
849,,,,0.934,,,,
850,,,,0.943,,,,0.987
851,,,,0.952,,,,
852,,,,0.956,,,,0.978
853,,,,0.966,,,,
854,,,,0.977,,,,0.968
855,,,,0.985,,,,
856,,,,0.99,,,,0.962
857,,,,0.992,,,,
858,,,,0.993,,,,0.957
859,,,,0.994,,,,
860,,,,0.998,,,,0.949
861,,,,0.996,,,,
862,,,,0.992,,,,0.937
863,,,,0.991,,,,
864,,,,0.992,,,,0.928
865,,,,0.994,,,,
866,,,,0.993,,,,0.92
867,,,,0.997,,,,
868,,,,0.997,,,,0.911
869,,,,0.996,,,,
870,,,,0.998,,,,0.907
871,,,,0.999,,,,
872,,,,1.0,,,,0.905
873,,,,0.999,,,,
874,,,,0.996,,,,0.906
875,,,,0.991,,,,
876,,,,0.99,,,,0.911
877,,,,0.991,,,,
878,,,,0.985,,,,0.922
879,,,,0.978,,,,
880,,,,0.969,,,,0.94
881,,,,0.955,,,,
882,,,,0.937,,,,0.962
883,,,,0.916,,,,
884,,,,0.892,,,,0.977
885,,,,0.868,,,,
886,,,,0.845,,,,0.979
887,,,,0.824,,,,
888,,,,0.811,,,,0.957
889,,,,0.807,,,,
890,,,,0.819,,,,0.895
891,,,,0.841,,,,
892,,,,0.868,,,,0.787
893,,,,0.892,,,,
894,,,,0.892,,,,0.647
895,,,,0.854,,,,
896,,,,0.77,,,,0.496
897,,,,0.644,,,,
898,,,,0.501,,,,0.363
899,,,,0.365,,,,
900,,,,0.256,,,,0.258
901,,,,0.177,,,,
902,,,,0.122,,,,0.181
903,,,,0.085,,,,
904,,,,0.061,,,,0.127
905,,,,0.044,,,,
906,,,,0.032,,,,0.089
907,,,,0.025,,,,
908,,,,0.019,,,,0.062
909,,,,0.014,,,,
910,,,,0.011,,,,0.044
911,,,,0.0107,,,,
912,,,,0.008,,,,0.032
913,,,,0.0061,,,,
914,,,,0.0052,,,,0.023
915,,,,0.0,,,,
916,,,,,,,,0.016
918,,,,,,,,0.012
920,,,,0.0,,,,0.008
922,,,,,,,,0.006
924,,,,,,,,0.004
925,,,,0.0,,,,
926,,,,,,,,0.003
928,,,,,,,,0.002
930,,,,0.0,,,,0.002
932,,,,,,,,0.001
934,,,,,,,,0.0
935,,,,0.0,,,,
936,,,,,,,,0.0
938,,,,,,,,0.0
940,,,,0.0,,,,0.0
945,,,,0.0,,,,
1514,,,,,0.006,,,
1515,,,,,0.012,,,
1517,,,,,0.003,,,
1519,,,,,0.015,,,
1521,,,,,0.012,,,
1523,,,,,0.024,,,
1525,,,,,0.04,,,
1526,,,,,0.041,,,
1528,,,,,0.057,,,
1530,,,,,0.076,,,
1532,,,,,0.097,,,
1534,,,,,0.12,,,
1536,,,,,0.176,,,
1538,,,,,0.215,,,
1540,,,,,0.274,,,
1542,,,,,0.339,,,
1543,,,,,0.393,,,
1545,,,,,0.462,,,
1547,,,,,0.499,,,
1549,,,,,0.558,,,
1551,,,,,0.598,,,
1553,,,,,0.634,,,
1555,,,,,0.667,,,
1557,,,,,0.704,,,
1559,,,,,0.724,,,
1561,,,,,0.75,,,
1563,,,,,0.778,,,
1565,,,,,0.808,,,
1567,,,,,0.825,,,
1569,,,,,0.851,,,
1571,,,,,0.867,,,
1572,,,,,0.872,,,
1574,,,,,0.884,,,
1576,,,,,0.902,,,
1578,,,,,0.901,,,
1580,,,,,0.896,,,
1582,,,,,0.897,,,
1584,,,,,0.89,,,
1586,,,,,0.899,,,
1588,,,,,0.884,,,
1590,,,,,0.876,,,
1592,,,,,0.867,,,
1594,,,,,0.873,,,
1596,,,,,0.872,,,
1598,,,,,0.879,,,
1600,,,,,0.874,,,
1602,,,,,0.861,,,
1604,,,,,0.859,,,
1606,,,,,0.877,,,
1608,,,,,0.879,,,
1610,,,,,0.899,,,
1613,,,,,0.893,,,
1615,,,,,0.9,,,
1617,,,,,0.897,,,
1619,,,,,0.917,,,
1621,,,,,0.921,,,
1623,,,,,0.926,,,
1625,,,,,0.929,,,
1627,,,,,0.945,,,
1629,,,,,0.947,,,
1631,,,,,0.948,,,
1633,,,,,0.955,,,
1635,,,,,0.952,,,
1637,,,,,0.969,,,
1639,,,,,0.96,,,
1641,,,,,0.962,,,
1643,,,,,0.959,,,
1645,,,,,0.978,,,
1647,,,,,0.96,,,
1649,,,,,0.955,,,
1651,,,,,0.952,,,
1653,,,,,0.951,,,
1656,,,,,0.952,,,
1658,,,,,0.956,,,
1660,,,,,0.944,,,
1662,,,,,0.935,,,
1664,,,,,0.933,,,
1666,,,,,0.928,,,
1668,,,,,0.942,,,
1670,,,,,0.948,,,
1672,,,,,0.942,,,
1674,,,,,0.933,,,
1676,,,,,0.944,,,
1678,,,,,0.948,,,
1680,,,,,0.945,,,
1682,,,,,0.943,,,
1684,,,,,0.951,,,
1687,,,,,0.964,,,
1689,,,,,0.967,,,
1691,,,,,0.971,,,
1693,,,,,0.974,,,
1695,,,,,0.991,,,
1697,,,,,0.995,,,
1699,,,,,0.999,,,
1701,,,,,0.996,,,
1703,,,,,0.994,,,
1705,,,,,1.0,,,
1707,,,,,0.994,,,
1709,,,,,0.983,,,
1711,,,,,0.99,,,
1714,,,,,0.987,,,
1716,,,,,0.992,,,
1718,,,,,0.986,,,
1720,,,,,0.981,,,
1722,,,,,0.983,,,
1724,,,,,0.976,,,
1725,,,,,0.978,,,
1726,,,,,0.97,,,
1728,,,,,0.968,,,
1730,,,,,0.96,,,
1732,,,,,0.944,,,
1734,,,,,0.921,,,
1736,,,,,0.883,,,
1738,,,,,0.845,,,
1740,,,,,0.791,,,
1742,,,,,0.711,,,
1744,,,,,0.638,,,
1747,,,,,0.547,,,
1749,,,,,0.462,,,
1751,,,,,0.393,,,
1753,,,,,0.325,,,
1755,,,,,0.267,,,
1757,,,,,0.212,,,
1759,,,,,0.175,,,
1761,,,,,0.142,,,
1763,,,,,0.111,,,
1765,,,,,0.084,,,
1767,,,,,0.077,,,
1769,,,,,0.058,,,
1771,,,,,0.049,,,
1773,,,,,0.042,,,
1775,,,,,0.039,,,
1777,,,,,0.034,,,
1779,,,,,0.02,,,
1781,,,,,0.021,,,
1783,,,,,0.022,,,
1785,,,,,0.011,,,
1787,,,,,0.012,,,
1789,,,,,0.004,,,
1791,,,,,0.008,,,
1793,,,,,0.0,,,
1795,,,,,0.0,,,
1797,,,,,0.0,,,
1799,,,,,0.0,,,
1801,,,,,0.0,,,
1803,,,,,0.0,,,
1805,,,,,0.0,,,
1807,,,,,0.0,,,
1809,,,,,0.0,,,
1811,,,,,0.0,,,
1813,,,,,0.0,,,
1815,,,,,0.0,,,
1820,,,,,0.0,,,
1825,,,,,0.0,,,
1830,,,,,0.0,,,
1840,,,,,0.0,,,
1850,,,,,0.0,,,
1860,,,,,0.0,,,
1870,,,,,0.0,,,
1880,,,,,0.0,,,
2000,,,,,,,0.0,
2001,,,,,,,0.003,
2003,,,,,,,-0.002,
2005,,,,,,,0.003,
2007,,,,,,,-0.001,
2009,,,,,,,0.0,
2011,,,,,,,0.004,
2013,,,,,,,-0.004,
2015,,,,,,,0.002,
2017,,,,,,,0.002,
2018,,,,,,,0.002,
2020,,,,,,,0.012,
2022,,,,,,,0.009,
2024,,,,,,,0.007,
2026,,,,,,,0.011,
2028,,,,,,,0.02,
2030,,,,,,,0.017,
2032,,,,,,,0.03,
2034,,,,,,,0.035,
2035,,,,,,,0.037,
2037,,,,,,,0.044,
2039,,,,,,,0.051,
2041,,,,,,,0.065,
2043,,,,,,,0.08,
2045,,,,,,,0.088,
2047,,,,,,,0.102,
2049,,,,,,,0.133,
2051,,,,,,,0.165,
2052,,,,,,,0.188,
2054,,,,,,,0.22,
2056,,,,,,,0.264,
2058,,,,,,,0.316,
2060,,,,,,,0.367,
2062,,,,,,,0.421,
2064,,,,,,,0.484,
2066,,,,,,,0.554,
2067,,,,,,,0.59,
2069,,,,,,,0.67,
2071,,,,,,,0.683,
2073,,,,,,,0.73,
2075,,,,,,,0.756,
2077,,,,,,,0.767,
2079,,,,,,,0.794,
2081,,,,,,,0.774,
2083,,,,,,,0.776,
2085,,,,,,,0.789,
2086,,,,,,,0.775,
2088,,,,,,,0.784,
2090,,,,,,,0.778,
2092,,,,,,,0.768,
2094,,,,,,,0.762,
2096,,,,,,,0.761,
2099,,,,,,,0.775,
2100,,,,,,,0.775,
2102,,,,,,,0.764,
2104,,,,,,,0.784,
2106,,,,,,,0.792,
2108,,,,,,,0.814,
2110,,,,,,,0.794,
2112,,,,,,,0.825,
2114,,,,,,,0.817,
2116,,,,,,,0.806,
2117,,,,,,,0.819,
2119,,,,,,,0.821,
2121,,,,,,,0.852,
2123,,,,,,,0.832,
2125,,,,,,,0.836,
2127,,,,,,,0.85,
2129,,,,,,,0.855,
2131,,,,,,,0.862,
2133,,,,,,,0.853,
2135,,,,,,,0.871,
2136,,,,,,,0.848,
2138,,,,,,,0.882,
2140,,,,,,,0.875,
2142,,,,,,,0.86,
2144,,,,,,,0.856,
2146,,,,,,,0.887,
2148,,,,,,,0.85,
2150,,,,,,,0.872,
2151,,,,,,,0.879,
2153,,,,,,,0.857,
2155,,,,,,,0.865,
2157,,,,,,,0.867,
2159,,,,,,,0.871,
2161,,,,,,,0.882,
2163,,,,,,,0.87,
2165,,,,,,,0.869,
2166,,,,,,,0.873,
2168,,,,,,,0.877,
2170,,,,,,,0.868,
2172,,,,,,,0.88,
2174,,,,,,,0.877,
2176,,,,,,,0.87,
2178,,,,,,,0.878,
2180,,,,,,,0.88,
2182,,,,,,,0.868,
2183,,,,,,,0.881,
2185,,,,,,,0.87,
2187,,,,,,,0.856,
2189,,,,,,,0.863,
2191,,,,,,,0.863,
2193,,,,,,,0.857,
2195,,,,,,,0.844,
2197,,,,,,,0.859,
2199,,,,,,,0.857,
2201,,,,,,,0.852,
2203,,,,,,,0.866,
2205,,,,,,,0.868,
2207,,,,,,,0.856,
2209,,,,,,,0.856,
2210,,,,,,,0.847,
2212,,,,,,,0.861,
2214,,,,,,,0.862,
2216,,,,,,,0.84,
2218,,,,,,,0.856,
2220,,,,,,,0.838,
2222,,,,,,,0.856,
2223,,,,,,,0.837,
2226,,,,,,,0.842,
2227,,,,,,,0.826,
2229,,,,,,,0.844,
2231,,,,,,,0.827,
2233,,,,,,,0.842,
2235,,,,,,,0.822,
2237,,,,,,,0.843,
2239,,,,,,,0.823,
2241,,,,,,,0.854,
2242,,,,,,,0.839,
2244,,,,,,,0.853,
2246,,,,,,,0.854,
2248,,,,,,,0.865,
2250,,,,,,,0.873,
2252,,,,,,,0.869,
2254,,,,,,,0.865,
2256,,,,,,,0.893,
2258,,,,,,,0.89,
2259,,,,,,,0.89,
2261,,,,,,,0.906,
2263,,,,,,,0.924,
2265,,,,,,,0.92,
2267,,,,,,,0.922,
2269,,,,,,,0.939,
2271,,,,,,,0.916,
2273,,,,,,,0.94,
2274,,,,,,,0.93,
2276,,,,,,,0.942,
2278,,,,,,,0.957,
2280,,,,,,,0.954,
2282,,,,,,,0.951,
2284,,,,,,,0.954,
2286,,,,,,,0.966,
2288,,,,,,,0.975,
2290,,,,,,,0.985,
2292,,,,,,,0.971,
2293,,,,,,,0.973,
2295,,,,,,,0.97,
2297,,,,,,,0.993,
2299,,,,,,,0.996,
2301,,,,,,,0.983,
2303,,,,,,,0.972,
2305,,,,,,,1.0,
2307,,,,,,,0.998,
2309,,,,,,,0.971,
2310,,,,,,,0.968,
2312,,,,,,,0.967,
2314,,,,,,,0.962,
2316,,,,,,,0.949,
2318,,,,,,,0.923,
2320,,,,,,,0.929,
2322,,,,,,,0.917,
2323,,,,,,,0.934,
2325,,,,,,,0.903,
2327,,,,,,,0.926,
2329,,,,,,,0.916,
2331,,,,,,,0.942,
2333,,,,,,,0.924,
2335,,,,,,,0.92,
2337,,,,,,,0.863,
2339,,,,,,,0.824,
2340,,,,,,,0.775,
2342,,,,,,,0.684,
2344,,,,,,,0.583,
2346,,,,,,,0.48,
2348,,,,,,,0.378,
2350,,,,,,,0.275,
2352,,,,,,,0.233,
2354,,,,,,,0.171,
2355,,,,,,,0.131,
2357,,,,,,,0.111,
2359,,,,,,,0.081,
2361,,,,,,,0.069,
2363,,,,,,,0.046,
2365,,,,,,,0.029,
2367,,,,,,,0.038,
2369,,,,,,,-0.002,
2371,,,,,,,0.029,
2373,,,,,,,0.016,
2374,,,,,,,0.009,
2376,,,,,,,0.017,
2378,,,,,,,0.003,
2380,,,,,,,0.015,
2382,,,,,,,0.0,
2384,,,,,,,-0.009,
2386,,,,,,,0.007,
2390,,,,,,,0.0,
2395,,,,,,,0.0,
2400,,,,,,,0.0,
10000,,,,,,0.0,,
10020,,,,,,0.019,,
10030,,,,,,0.021,,
10040,,,,,,0.007,,
10050,,,,,,0.017,,
10060,,,,,,0.027,,
10070,,,,,,0.025,,
10080,,,,,,0.027,,
10090,,,,,,0.027,,
10100,,,,,,0.03,,
10120,,,,,,0.044,,
10130,,,,,,0.037,,
10140,,,,,,0.065,,
10150,,,,,,0.053,,
10160,,,,,,0.052,,
10170,,,,,,0.049,,
10180,,,,,,0.068,,
10190,,,,,,0.084,,
10200,,,,,,0.109,,
10210,,,,,,0.124,,
10220,,,,,,0.134,,
10230,,,,,,0.173,,
10240,,,,,,0.175,,
10250,,,,,,0.217,,
10260,,,,,,0.256,,
10270,,,,,,0.286,,
10280,,,,,,0.344,,
10290,,,,,,0.384,,
10300,,,,,,0.443,,
10310,,,,,,0.492,,
10330,,,,,,0.544,,
10340,,,,,,0.614,,
10350,,,,,,0.68,,
10360,,,,,,0.725,,
10370,,,,,,0.794,,
10380,,,,,,0.823,,
10390,,,,,,0.862,,
10400,,,,,,0.89,,
10410,,,,,,0.907,,
10420,,,,,,0.93,,
10430,,,,,,0.96,,
10440,,,,,,0.965,,
10450,,,,,,0.971,,
10460,,,,,,0.969,,
10470,,,,,,0.98,,
10480,,,,,,0.979,,
10490,,,,,,1.0,,
10500,,,,,,0.981,,
10510,,,,,,0.969,,
10520,,,,,,0.988,,
10530,,,,,,0.974,,
10540,,,,,,0.952,,
10590,,,,,,0.957,,
10640,,,,,,0.957,,
10700,,,,,,0.948,,
10750,,,,,,0.948,,
10800,,,,,,0.923,,
10850,,,,,,0.915,,
10900,,,,,,0.893,,
10950,,,,,,0.897,,
11000,,,,,,0.886,,
11050,,,,,,0.883,,
11100,,,,,,0.882,,
11150,,,,,,0.88,,
11200,,,,,,0.875,,
11250,,,,,,0.856,,
11290,,,,,,0.857,,
11340,,,,,,0.83,,
11390,,,,,,0.833,,
11440,,,,,,0.8,,
11490,,,,,,0.797,,
11540,,,,,,0.789,,
11590,,,,,,0.744,,
11630,,,,,,0.719,,
11680,,,,,,0.711,,
11730,,,,,,0.699,,
11780,,,,,,0.666,,
11820,,,,,,0.666,,
11870,,,,,,0.628,,
11920,,,,,,0.626,,
11960,,,,,,0.592,,
12010,,,,,,0.586,,
12020,,,,,,0.597,,
12030,,,,,,0.613,,
12040,,,,,,0.601,,
12050,,,,,,0.544,,
12060,,,,,,0.551,,
12070,,,,,,0.578,,
12080,,,,,,0.567,,
12090,,,,,,0.546,,
12100,,,,,,0.558,,
12110,,,,,,0.544,,
12120,,,,,,0.511,,
12130,,,,,,0.565,,
12140,,,,,,0.519,,
12150,,,,,,0.546,,
12160,,,,,,0.567,,
12170,,,,,,0.545,,
12180,,,,,,0.53,,
12190,,,,,,0.53,,
12200,,,,,,0.542,,
12210,,,,,,0.532,,
12220,,,,,,0.532,,
12230,,,,,,0.533,,
12240,,,,,,0.561,,
12250,,,,,,0.518,,
12260,,,,,,0.532,,
12270,,,,,,0.533,,
12280,,,,,,0.524,,
12290,,,,,,0.55,,
12300,,,,,,0.567,,
12310,,,,,,0.531,,
12320,,,,,,0.553,,
12330,,,,,,0.527,,
12340,,,,,,0.537,,
12350,,,,,,0.53,,
12360,,,,,,0.507,,
12370,,,,,,0.488,,
12380,,,,,,0.485,,
12390,,,,,,0.447,,
12400,,,,,,0.447,,
12410,,,,,,0.425,,
12420,,,,,,0.416,,
12430,,,,,,0.405,,
12440,,,,,,0.388,,
12450,,,,,,0.358,,
12460,,,,,,0.36,,
12470,,,,,,0.275,,
12480,,,,,,0.272,,
12490,,,,,,0.29,,
12500,,,,,,0.196,,
12510,,,,,,0.205,,
12520,,,,,,0.208,,
12530,,,,,,0.172,,
12540,,,,,,0.149,,
12540,,,,,,0.126,,
12550,,,,,,0.109,,
12560,,,,,,0.105,,
12570,,,,,,0.075,,
12580,,,,,,0.069,,
12590,,,,,,0.077,,
12600,,,,,,0.099,,
12610,,,,,,0.069,,
12620,,,,,,0.073,,
12630,,,,,,0.085,,
12640,,,,,,0.069,,
12650,,,,,,0.03,,
12660,,,,,,0.045,,
12670,,,,,,0.052,,
12680,,,,,,0.013,,
12690,,,,,,0.023,,
12700,,,,,,0.009,,
12710,,,,,,0.032,,
12720,,,,,,0.017,,
12730,,,,,,-0.027,,
12740,,,,,,0.011,,
12750,,,,,,0.017,,
12760,,,,,,-0.019,,
12770,,,,,,0.005,,
12780,,,,,,0.011,,
12790,,,,,,0.003,,
12800,,,,,,0.011,,
12810,,,,,,-0.011,,
12820,,,,,,0.013,,
12830,,,,,,0.008,,
12840,,,,,,-0.012,,
12850,,,,,,0.02,,
12860,,,,,,0.015,,
12870,,,,,,-0.001,,
12880,,,,,,-0.026,,
12890,,,,,,-0.015,,
12900,,,,,,0.001,,
